Name, Title, Condition, URL
Iterative , Senior Software Engineer, ğŸŒ Worldwide, https://remoteok.com/remote-jobs/remote-senior-software-engineer-iterative-99244
Iterative , Senior Frontend Engineer, ğŸŒ Worldwide, https://remoteok.com/remote-jobs/remote-senior-frontend-engineer-iterative-102909
Calm , Senior DevOps Engineer, ğŸ’° $70k - $120k, https://remoteok.com/remote-jobs/remote-senior-devops-engineer-calm-118081
Re7 , Quantitative Strategist DeFi, ğŸ‡¬ğŸ‡§ United Kingdom, https://remoteok.com/remote-jobs/remote-quantitative-strategist-defi-re7-129404
Amwell , Data Scientist, ğŸ‡ºğŸ‡¸ United States, https://remoteok.com/remote-jobs/remote-data-scientist-amwell-129010
Accruvia , Senior Full Stack Developer Django VUE.js, ğŸŒ Worldwide, https://remoteok.com/remote-jobs/remote-senior-full-stack-developer-django-vue-js-accruvia-128178
Checkr , Executive Assistant, ğŸ‡ºğŸ‡¸ United States, https://remoteok.com/remote-jobs/remote-executive-assistant-checkr-128056
FuboTV , Senior Software Engineer Roku, ğŸ‡ºğŸ‡¸ United States, https://remoteok.com/remote-jobs/remote-senior-software-engineer-roku-fubotv-128055
hims & hers , Technical Recruiter, ğŸ‡ºğŸ‡¸ United States, https://remoteok.com/remote-jobs/remote-technical-recruiter-hims-hers-128054
Nightfall , Senior Customer Success Manager, ğŸ’° $70k - $120k*, https://remoteok.com/remote-jobs/remote-senior-customer-success-manager-nightfall-128053
Great Minds , Implementation Leader, ğŸ‡ºğŸ‡¸ United States, https://remoteok.com/remote-jobs/remote-implementation-leader-great-minds-128052
Aspire , Sales Development Representative, ğŸ‡ºğŸ‡¸ United States, https://remoteok.com/remote-jobs/remote-sales-development-representative-aspire-128051
Guidewire Software , Proposal and Contracts Analyst Go Market Sales Tri Lingual, ğŸ‡ºğŸ‡¸ United States, https://remoteok.com/remote-jobs/remote-proposal-and-contracts-analyst-go-market-sales-tri-lingual-guidewire-software-128050
Invitae , Billing A R Collections Specialist, ğŸ‡ºğŸ‡¸ United States, https://remoteok.com/remote-jobs/remote-billing-a-r-collections-specialist-invitae-128049
Invitae , Commercial Data Analyst, ğŸ‡ºğŸ‡¸ United States, https://remoteok.com/remote-jobs/remote-commercial-data-analyst-invitae-128048
Commit , Senior Full Stack Developer, ğŸ‡¨ğŸ‡¦ Canada, https://remoteok.com/remote-jobs/remote-senior-full-stack-developer-commit-127523
AssemblyAI , Senior Backend Engineer Python, ğŸŒ North America, https://remoteok.com/remote-jobs/remote-senior-backend-engineer-python-assemblyai-123372
Orderly , DevOps Engineer, Worldwide, https://remoteok.com/remote-jobs/remote-devops-engineer-orderly-127356
Latoken , Product Manager LATOKEN, Remote Worldwide, https://remoteok.com/remote-jobs/remote-product-manager-latoken-latoken-126853
Pyth , Integration Specialist, Global, https://remoteok.com/remote-jobs/remote-integration-specialist-pyth-126344
Weflow, Senior Full Stack Engineer (Node.js, Python), Full-Time, https://weworkremotely.com/company/weflow
OpenCraft, Senior Open Source Developer & DevOps (Python, Django, React, AWS/OpenStack), Full-Time, https://weworkremotely.com/company/opencraft
Proxify AB, Senior Python Engineer: Long-term job - 100% remote, Full-Time, https://weworkremotely.com/company/proxify-ab
Optimile, (Senior) Python Full Stack Software Developer, Full-Time, https://weworkremotely.com/company/optimile
AssemblyAI (YC 17), Senior Software Engineer, Python, Full-Time, https://weworkremotely.com/company/assemblyai-yc-17
CloudTruth, Senior Software Engineer - Python / Django, Full-Time, https://weworkremotely.com/company/cloudtruth
Ebury, Senior Python Developer - Full Remote , Full-Time, https://weworkremotely.com/company/ebury
UpStack Technologies, Inc., Python Developer - Remote, Full-Time, https://weworkremotely.com/company/upstack-technologies-inc
Lemon.io, Python Developer, Full-Time, https://weworkremotely.com/company/lemon-io
Doximity, Python Platform Engineer, Full-Time, https://weworkremotely.com/company/doximity
Cerity Partners LLC, Backend Engineer - Integrations (Python), Full-Time, https://weworkremotely.com/company/cerity-partners-llc
Clevertech, Senior Python Engineer, Full-Time, https://weworkremotely.com/company/clevertech
